filename,text,category
cropped_receipt_1.png,"sat hi eetlae COAST HWY

Lo Ci B04
""(562) S07 0906

Server: Francis Station: 4

Order #: 69923

ye ait

1 Co fre ee

e Lu

1 Coke

SUB TOTAL:

Tax 1:

JOTAL:

5/26/2016 12:53:10 PM

A

THANK YOU!",date
cropped_receipt_10.png,"file Pasty
Patti eel | Mion

ww. agstars torante.con

00918 Page ip
vssor

Be Ta on
Check #4 reite 2
Steak Tip Skevers 17.9
pusrtgeeeramneols $8

oot Beer 8
jubtotal 528.4
fer 3
\otal 33007

Restaurant Hours,",items
cropped_receipt_100.png,"Mexican Restaurant & Bar
25 West San Fernando St.
San Jose, CA 95113
(408) 283-9595

Server: Pablo 12/29/2017
able 40/1 1:17 PM
Guests: 3 30001
Reprint #: 1

Coffee

Enmoladas with Meat
pollo

Chicken Tenders

Flautas Chicken

Coloradito

Subtotal
Tax

Total
Gratuity 18.00%

Total

Balance Due 64.52

!! Become a friend of us on

FACEBOOK to receive news of

events & special offers !!
11 THANK YOU FOR COMING !!",total_amount
cropped_receipt_101.png,"Stony vy
16725 Stony Plain Rd
Edmonton AB TSP 449
Store: 3659 Tele: 780-414-6362

Welcome to all day breakfast
@ He Donald’s

i

ks# 1 03/10/2018 07:39:12 PH

QTY ITEM

1 Delivery

110, McNuggets EVM
1 Barbeque Sauce | 4
| Barbeque Sauce =
1 L Coke
1M French Fries

1 HM GrChs S-Fry Yoo
1 Snoopy
1 HM Apple Juice

1 6 Cookies
6 Choc Chip Cookie

1 Baked Apple Pie

1L French Fries

1L Iced Tea

Subtotal

GST

Take-Out Total

CREDIT SALES - McDelivery
Change

GST #: 120907092

SALE wO4kt e532",date
cropped_receipt_102.png,"KAZ RAMEN
22413 BARTON ROAD
GRAND TERRACE, CA 92313
9094229532

ORDER: T4611
DINE IN

Cashier: Mickey
04-Nov-2018 9:07:13P
Guest 1

1 Tonkotsu $9.50
Tofu $0.00

Egg $1.30

Corn $0.50

Bamboo shoots $1.00
Naruto $0.75

Spicy $0.00

Subtotal $13.05
Tax $1.01

Total $14.06

Order 4AW465DFNMVRT",total_amount
cropped_receipt_103.png,"OM INDIAN FOOD
204 Spring St
New York, NY 10012
(646) 756-4000

TABLE T1
ORDER #2
2 Guests

Invoice #2143,
Manoj

1 Vegetable Biryani
1 Malai Kofta
1 Onion Naan

(646) 657-0514 (Fax)

4fi5H6 12:03:14 PM

$12.95

SUBTOTAL:

LUNCH DISCOUNT 50% OFF :
TAX:

TOTAL:

You have saved : $14.93

$3.95
$29.85

$14.93

$1.32
$16.24",total_amount
cropped_receipt_104.png,"crisfield seafood
Restaurant
8012 Georgia Ave.
Silver Spfing. 4D20910
(301) 589-1306

ORDER# 134
Carryout
12/28/2017 8:38:16 PM GUESTS 1

TAKE OUT

Dinner Platters

1 Crisfield Special Platter 27.00
YK COOK MEDIUM 10101
Extras

1 Pint Bisque 11.50
SUBTOTAL: 38.50
Carry Out 1.93
TAX:
Register 7#0000144
TOTAL: $42.74

Thanks you!",total_amount
cropped_receipt_106.png,"THE
PLACE

The Place 2 Be
\ 615 Franklin Ave
Hartford, CT 06114

8609047891
https://www.Place2BeCT.com
--- JOIN US FOR BOTTOMLESS BRUNCH ---
EVERY SATURDAY & SUNDAY
++see+% $15 BOTTOMLESS MIMOSAS ****++*

ORDER: Table 17
Dine-In
Cashier: Mariah
17-Feb-2018 9:41:47A
Guest 1
1 American Coffee
1 Nutella Coconut Pancakes
Guest 2
1 American Coffee
1 Cheddar Grits

Subtotal
Tax

Total",items
cropped_receipt_107.png,"Lan Sheng

209 Pa :
Wallington >

Tel : 973.773.7100 Fax

[ B2 |
Dine In # 1011

Server: Mary 06/13/17 7
08:38 PM - ©

we.
07057 ol
1973.17)

Spicy Chicken w. *

c Soy V. 518.95
1 Hf- Peking Duck ie 95
1 Stir Beef Fillet w. Tofu $12.99
1 Pork w. Spicy Capsicum a 50
1 White Rice (S) o) 95
1 Pork w. Spicy Tofu & Cayen $12.",total_amount
cropped_receipt_108.png,"MIKUNI JAPANESE
4323 Hazel Avenue
Fair Oaks, CA 95628
(916) 961-2112
1070 David 0

Tb] 42/1

905
Jul16'17 08:15PM

1 Hojito Pitcher Original w/ 18.00

2 Glass
1 Brussel Sprouts 6.50
1 Pepperfin 14.50
1 Spicy Drm 1 Red 14.50
1 Aerojet 14,95
1 Tommy WTAE)
2 Cou Toro 19.00
1 Daikon Hamachi 14.50
1 Garlic Salmon 14,00
Subtotal 133.90
Tax 10.38
Total Due 144.28",total_amount
cropped_receipt_109.png,"do Nongo 299
ectlin, CA 98677
916-622-0028,

Receipt songo-042441
ate: dian 22, 2018 5:48:07 PM
Served by: Manager

Iten Price Oty

ng Dinner g10.99 xt
2 48

beverage $2.29

tens count: 6

subtotal:
a Max 7.258,

Total

cash
‘endered:
change:",total_amount
cropped_receipt_11.png,"Friendly Red’ s
of Windham

22 Haverhill Rd
Windham NH
603-437-7251

Server: Giancarlo
104/1

Guests: 2

Reprint #: 1

Cadillac Margarita (2 @14.00)
Patron Silver

Maryland Crab Cakes

Chicken Caprese

Chix Parm Sandwich

Bud Light (2 @3. 70)

Subtotal
Tax

Total

Balance Due

Join us on
Facebook &

07/21/2018
12:56 PM
10076

28. 00
14.00
12.00
10. 00

7.40

71.40
6.43

77.83
fo oS",total_amount
cropped_receipt_110.png,"ren Ra
Haciende eat S48
Table: Tel:(66)937-655°
3. BHA Guest >

erver: linda.
SH 10962017 18:98:48

$4.39
FR, mild )
Fopcom Chicken
(Spicy , mild
EP $6.75
Eraisec Beef flee/Noodle
[1] 99 24 i TE
Cold Noodle With Chicken
(14 A $7.95
Beef Noodles

$6.25

Amount: $25.34
Tax Rate:(9.00%): $2.28

Sub-Total: $27.62

TIP GUIDE-----
15% = $3.80
18% = $4.56
20% = $5.07

Thank You Very Much",total_amount
cropped_receipt_111.png,"Chelokababi

1236 S Wolfe Rd Aug 18, 2018

Sunnyvale, CA 94086 6:35 PM
(408) 737-1222 Server
chelokababi.com
———
Ticket: D2

pe FOR HERE
Koobideh x 7
($16.50 each)
Well Done
Very well done

Nan-O-Sabzi $8.95

18%Gratuity yanks ) $22.40
Subtotal $146.85

Sales Tax $13.22

Total $160.07

Merci!
Thank you very much!",total_amount
cropped_receipt_112.png,"AANDES
STNGION AY

1 25/ OP, ve
4 25/COSMO, up
1 sour DY

1 TURTLE

1 CATFISH",items
cropped_receipt_113.png,"COLUMBUS RESTAURANT
736 OCEAN DRIVE
MIAMI BEACH, FL 39139
TEL: 786-275-6944

TABLE 94
S GUESTS Gustavo

2 FBD BLUE waRGARI 55.00 110.0
1 CHEESE BURGER 4.1
4 CHICKEN MARSALA

TAX and SERVICE Det ail

TF ARTICLES Total
SALES TAX 7% 143.00 10.01 153.0
RESORT TAX2¢
1CE20/

SATURDAY 01-27-2018 03:59PM
Key 12-Haitr: 12-POS

FOOD:
SERVICE:
AMBIANCE:
NAME:",total_amount
cropped_receipt_114.png,"_, Golden Panda Buffet

ie

14428 Ramona Blvd. #70

Baldwin Park, CA 91706

Tel: 626-337-5666

Station: 1 6/02/2018 04:18:31 PM
Cashier: 010

invoice 4o8554 TH hot food

Adult Dinner 2 23.98

Soda 2 3.38
Oe

Subtotal 27.36
Tax 2.60

Grand Total 29.96

Amount Tendered 29.96

Debit Card sale 29.96

ee
Thank you very much.

Order # 152",total_amount
cropped_receipt_116.png,"°Oseb
720.N

Date:
Card Type:
AcCtaae

Canamentry:
Trans Type:

Trans Key:
Auth Code:
Check:
Table:
Server
Subtotal:
Der

TOTAL

SIGNATURE

ud on Rush
orth Rush Street
Chicago, Il
312-266-6444

Wu | Whee 04:07PM
Visa
XXXXXXXKAKAXS4 26
SWIPED

PURCHASE
G1G005625257/29
190275

1738

81/1

226 Chelsea

1 26

THA 18 ROSEBUD'S COPY

Thank

You",items
cropped_receipt_117.png,"Villaggio Grille
4780 Wharf Parkway
Orange Beach, AL 36561
PHONE: 251-224-6510

rder 9862 06/08/19 11:45 AM
able 14 Cust 3 Server 156 JAMIE

1 P-VILLAGIO BREEZE

| ADD SALAD
1 LUNGH SEAFOOD PASTA

| KID PEPERONI PIZZA
] ge ALFREDO

Sub-total :
Tax:

Total Due:",items
cropped_receipt_118.png,"JAPANESE. STEAK
x08 3B Ha 11
AGE, CA.

m neo 324 1717

xnxnxenencn 79?
\ISA

Entry Hethod: Chip

Amount: $ 158.87
Tip:

1h: 0
1S; 608",total_amount
cropped_receipt_119.png,"erdy's Restaurant 10008675
Bergan St
harrison, oT028
(G73) aa3-e708

#3264

Sb wich on FULLSIZE SALAD *

Host; JULIANA
Hose

order Type: PU

Yegsle Sandwich
1 faerlean Dheese
10 Mayo

sual) Fries

Plain Potato
10 Chives

nega

Total Itess 3
Tex

PuW Total

Balance Due %,
How was your visit?

Call us at 888-624-8140",items
cropped_receipt_12.png,"Quick 73

gmoke City Market
242 Van Nuys BLVD
Sherman Oaks, CA 91401
818.855.1280

Server: Rebecca B
4 By: Rebecc fe s1
34673 #1 Jun 26, 15 04:55 PM

Beef Ribs f $36.86
Weight 1.89 Ibs @ $19.50/bs

Pulled Pork Sand $8.50

*Reg $0.00
Creamed Corn[Small] $3.35
Longhorn Mac & Cheese[sm] $4.20
Chocolate Cake[Slice] $3.95
Fountain Soda $2.25

Subtotal $59.11
CA Sales Tax $5.32

Total $64.43
Wells Fargo $64.43

Change $0.00
Thank You for Visiting

Please visit our website
www. smokecitymarket.com

Enjoy our BBQ? 'Like' us on
facebook and Yelp
Please rate us on Zagat
WW Zagat com/r/smoke-city-market-van-nuy",total_amount
cropped_receipt_120.png,"#1 PURSE ax

Panda Eyoresg #14

Brooklyn, NY
(718) 246-3893

12/22/2017 4:58:01 py
Order: 196813

1 Plate 9.10
CHOW MEIN-1/2

CHOW MEIN-1/2

BROCCOLI BEEF

BEIJING BEEF

ate

CHOW MEIN-1/2
CHOW MEIN-1/2
CKN EGG’ROLL
ee RENO TEArVAKT ch)
‘i ey i ae ckN
Ly
1 PEPST 20°UE

1 PEPSI 20 02

‘SubTotal
TAX

Total

~T0 Go-
Server: Cheryfia M

15)",total_amount
cropped_receipt_121.png,"RED & HOT Il

349 7 AVE. (CORNER 10s
BROOKLYN, NY 11215
TEL:(718)309-2577
TEL(718)309-8897

Dine In
Date: 10-20-2018 Time: 12 37PM

Server: WAITER
TAB#: C2
No. of Guest: |

1 Vegetable Roll 0.00

Egg Roll
2 L35.Sesame chicken
1 WR
1 F/R
1 (L)Veg Spare Ribs .BBS
W/R

13.90

7.65

Amount: 21,55
TAX(8.875%); 1.91
TOTAL : 23. 46

Thank you very much.",total_amount
cropped_receipt_122.png,"Heart of Portugal Restaurant

241 Mineola Blyd
Mineola, NY 11501
516-742-9797

Server: oscar 09/10/17 3:28 PM
Check #11 Table D2
$20.95
$28.95

$16.00

$65.90
$5.68
$71.58",total_amount
cropped_receipt_124.png,"Negr
) Mart 1 Ave
New Orleans, LA 70124
Phone: (504) 488-0107

28 Daniel P

Chk 4650
Aug23'19 12:07PM
**k Memo Check #4

1 Fajita Vegetable 7.15

1 Taco Shrimp Fresh Catch 3 12.00
*DON'T MAKE*

1 Water 0.00
Food 19.75
Tax 2.01
Total 71.76",total_amount
cropped_receipt_125.png,"Firefly American Bistro
5525 New Albany Road West
New Albany, OH 43054

Server: Harry M 12/28/18 7:54 PM
Check #140 i Table 24

Malbec Trivento $8.00
Blood Orange Marg $9.00
“fup Italian Wedding Soup $2.95
Spaghetti Marinara $17.95
Add One Meatbal]
Add Two Meatbal]
Fettuccine Alfredo $23.95 ©
Add Steak
Smal] Wedge Salad (Dinner) $4.95
Creme Brulee $4.00
Baileys $7.00

cated $77.80

$5.84
$83.64",total_amount
cropped_receipt_126.png,"CHATPATA RESTAURANT INC
1683 ROUTES
CLIFTON PARK, NY 12065
5182801190
Cashier: Kamal
19-Mar-2019 5:28:12P

1 6.5 Chicken Korma $11.95
1 10.1 Naan (Plain Naan $1.95
1 13.1 Kheet $3.95

Subtotal $17.85
Tax $1.25

Total $19.10

23FATINSTOT

Online: https://clover com/t/KQ",total_amount
cropped_receipt_127.png,"| FRENCH CAFE & WINE BAR

o121a Table

3 #Party 2
CHANDA R  Swrk

+ 8 1:56p 06/02/15

) 2 SAUV BLANC JB 18.00
1 VEGGIE SANDWICH

11.00
4 QUICHE LORAINE 12.00

Sub Total: 41.00
OPEN $DISCOUNT sDiscount®: 11 00

Sub Total: 31.80
GRATUITY 18 1.38
06/02 2:44p TOT AL | 39.18

er. aan
_ THANK you!
PLEASE COME AGAIN!
WINE TASTING 1ST TUESDAY
WE TAKE RESERVATONS
CALL US AT 954-565-2299
vib SAGECAFE. NET",total_amount
cropped_receipt_128.png,"PIzZzA HUT
DINE_IN

Ticket #00100

Item Count: 3

ENTERED BY TABLE #GUEST
2

MAURICE 56 C
030835 10/25/2018 8:30 PM

01 1 $FiveLU 12.49
Hand toss

epperond
$FiveLU
Bone OUT
GarlcParm
Pitcher
DosEquis

COUPON (F6)
Subtotal
Service Fee
SALES TAX
Balance Due",total_amount
cropped_receipt_129.png,"KAAVERAS

MEXICAN CUISINE & BAR|

KALAVERAS - BELLFLOWER
16530 BELLFLOWER BLVD
BELLFLOWER, CA 90706

5624610599
http://www.kalaveras.com/

ORDER: Bar B11
Cashier: BAR PM
30-Aug-2019 3:24:10P

Classic Michelada
Classic Michelada
Don Julio Anejo
Classic Michelada
Balam Madurado

Subtotal
Tax

Total

Thank you for your visit

$12.00
$12.00
$15.00
$12.00
$12.00

$63.00
$5.99

$68.99

000.11,

83V40068

Order 93V40QC31PPMB",total_amount
cropped_receipt_13.png,"HP Pho Ga
8930 Mission Dr. #102
Rosemead ,CA 91770
Phone (626) 288- }-9999

bate: Apr 01, 2019 Time: 05:12PM

Server: Admin
Bill; 59980 Table

1 Pho Ga (Small)
1 Pho Ga (Large)
| oor Cuon

“Subtotal
TAX

Total
8. Service Charge Ate

Total

Suggested Tip : 15% (3,65)

18% (4.38)

20% (4.87)
Open Time : Apr 01, 2019 04:39PM
Printed By : Admin

Thank you for Coming !",total_amount
cropped_receipt_130.png,"HIRO JAPANESE RESTAURANT
3007 NE 163RD STREET
North Miami Beach, FL 33160
(305) 948-3687

Server: HUGO Station: 2

Order #: 209744
l2 Guests: 2

1 (L)Ton Katsu
1 (L) Makimono

SUB TOTAL:
Tax 1:

TOTAL: $17.18

>> Ticket #: 20 <<
2/13/2018 1:09:45 PM

THANK YOU!",total_amount
cropped_receipt_131.png,"BOA
(310) 278-205!
OO51a_ TABLE 308 #Pa
BAR L Syrek: 18 1332
Separate checks:

1 CRAB CAKE
1 SKIRT STK LUNCH

Sub Total:
Tax:
Sub Total:
12/20 14:29 TOTAL:

SUGGESTED GRATUITY
18% 8.48
20% 9.42",total_amount
cropped_receipt_132.png,"HRIS-s
1AMBURGERS

3950 © SLAUSON MAYWOOD, CA 90270
PHONE 323-588-1607

MC #01
REG CASHIER 11-24-2017 12:13 PM 000072
Mist $0.01
B CHZ B SPC $8.80
no pickles
F FRIES - LRG $3.66
CRISPY
CRISPY
F FRIES - LRG $3.66
CRISPY
PREM MED DRINK $2.15
horchata
CHZ_BURGERSSPEC $7.57
no onions
EAT-IN
TAXABLE SALES $25.85
TAK $2.46
TL $28751
CASH $40.00
CC $11.69

ORDER # oOo000000052

PLEASE HELP US SERVE YOU BETTER

SERVICE WAS VERY GOOD [J
GoodD = [ ]
POOR [ ]",total_amount
cropped_receipt_133.png,"VIA EMILIA 9
1120 15TH ST
MIAMI BEACH, FL 33139
7862167150
ORDER: Table 11
Cashier: V.
27-Apr-2017 6:21:59P
1 Tagliatella al Ragu’
1 Cappellacei Di Zucca
1 Stufato Al Latte Di Ravenna

Subtotal
Tax

Total
Order QGVATH3NM28YC.

$14.90
$18.90
$22.90

$56.70
$5.10

$61.80

‘Show us your review on TripAdvisor or Yelp

and you'll get a free glass of wine!",total_amount
cropped_receipt_134.png,"TAR RESTAURANT
T BLVD., DALY CITY, CA 94015
650- 992- 2888

NAME
FRI-SUN DINNER $29.88 149.40
50 -14.94

29.88 50X0FF BIRTHDAY ath,
SUBTOTAL: 134. 46
Tax(9h): 10

MOONS
383 GELLERT

TOTAL: 146.57

Tip Guide:

TeRSe ee oe Al) f=
18%: + 24,20=
20%: + 26.89=

MANTA",total_amount
cropped_receipt_135.png,"KFC

Restaurant #C160014

3680 Hempstead Turnpike
Levittown
(516)735-3508

Ticket #2884

2016-07-08 9:16 PM

€160014 2 117 2884

q
PeCashier: TIANA",restaurant_name
cropped_receipt_136.png,"_ BALDI :
: 4 Canon prive
Is, CA 90210

375 Nortl
Beverly Hil

TUE JANUARY 30,2018
CHECK #278470—1
TABLE #6

1 ICED TEA $4.50
1 ROMBO CARCIOFI FUNGH $48.00
1 SPARKLING WATER LARG $8.50
1 BRANZINO GRIGLIATO $40.00
1 CARPACCIO RED SNAPPE $33.00

a8 : $134.00
age : $134.00

TAX
+ Sleae

Time: 14:99",total_amount
cropped_receipt_137.png,"The Shawarma Factory

Apr 10, 2019
12:34 PM
Vince

—_
Ticket: #29 Visa 7286
Authorization 173245

Receipt O3WE

VISA DEBIT
AID AO 00 00 00 03 10 10

_ FOR HERE

14817 S. Western Ave
Gardena, CA 90249

Flame Broiled Chicken
1/2 Chicken, Hummus , House Salad

$11.99

Subtotal $11.99

Sales Tax $1.14
EE

Total $13.13",total_amount
cropped_receipt_138.png,"Naui Te iyaki
27000 Marine Ave #103
Redondo Beach, CA 90278

(310) 973-3500

Server: Annie Statio
Order #: 168479 Order
Customer Name: LEANNE

Guests: 1

>» SETTLED ««

1 Salmon Plate

1 Extra Shrimp",items
cropped_receipt_139.png,"CASA CHAN RESTAURANT

#12 Wonton or Egg Drop or $3.75

Mixed Dinner
Wonton Soup $0.00

$3.00

1 Egg Roll
3 Juice Chinesse Chop $8.99

Suey Honduran Style

Dinner

Tropical $5.00

2 @ $2.50/12 oz

Tamal De Pollo $3.50

1 @ $3.50/each
Subtotal $24.24
Tax $1.70
Total $25.94

Order DAHGRRFSJPM70
Bring back this receipt for 10% off your next
visit! :)

Online: https://clover.com/t/
DMHGRRFSJPM70

PULL",total_amount
cropped_receipt_14.png,"ALBETOS
MEXICAN FOOD
11732 ARTESIA BLVD.

ARTESIA,CA.
Ph: (862) 860-2530
PHONE ORDERS WELCOME

ORDER # 01029

3 ASADA TACO
ATM CHARGE

SUBTOTAL
TAX TOTAL
TOTAL

ATM

RECALL  :696",items
cropped_receipt_140.png,"ggT-29AnDES0740

Bill No. 00027 «Bill Date 06.07.2037
Bill Tame 22:06 © Persons 02
Table No. P Wer. No. §D

Hen Sane paeMory  Asunt
ikfboosr curcesy 175 «3.00 373.00
Tiwrow RagoN GOSH 209 2,00 209.00
FISH BIRTYANT bea 3.00 229.00

617.00

weents 627,00",total_amount
cropped_receipt_141.png,"SHAKE SHACK
1450 S$. Dixie Highweny

Host: Nelson
2

ShackBurger

Smoke Shack

cheese fries

REG Soda (2 @2.75)
(2)REG Rootbeer

REG Iced Tea

Subtotal
Tax

To Stay Total

Visa #XXXXXXXXXXXX9197
Auth: 130960

We Tweet -
You Tweet.
We All Tweet.

@ShakeShack",total_amount
cropped_receipt_142.png,"MAR YAUATCHA

Yauatcha
110578007 Kakin

CHK 1867 TBL 84/1

Restaurant
1 Tender Branch Hibiscus 8.00
1 Seafood Puff 10.80
1 Sesame Prawn Toast 11.80
1 Beancurd Prawn Cheung Fun 10.80
1 X0 Scallop Dumpling 8.80
1 Poached Beijing Dumpling 5.80
1 Spinach Dumpling 6.80
1 Tea Smoked Pork Ribs 22.00

Subtotal $84.80
Tax $3.82
Total Due $88 .62

International Market Place
2330 Kalakaua Ave Ste 326
Honolulu, Hawaii 96815
Reservat ions@YauatchaWaikiki .com
Phone: 808-739-9318

**GRATUITY NOT INCLUDED**",total_amount
cropped_receipt_143.png,"flue Bear Tavern
16 $9 11th Street
(215)922-3427
WWW ‘iabear tavetD: .com

Check #: 00225

pate; 01/13/2012 10:16 PM «CCK :
Station: Posd Server: +r
Guests: 1

\ Grimint

\ Salami

\ Olives

\ Lro Clams\nussels
4 Reg Ketel One

1 House Cab

Sub on
illy Liader Tax é6)
Philly Pa is

TOTAL",date
cropped_receipt_145.png,"CHLOE81
81 Ludlow st
New York, NY 10002
Tel 212 677-0067

Check Name: HWANG, HYUN
Server; Bar

Date: 08/03/18
Table: Guests: 1

[Seat 1]—
2 HOUSE VODKA
1 HOUSE TEQUILA

Subtotal:
Taxy:

Sub w/Tax:
Gratuity:
Amt Due:

Visa ENV",items
cropped_receipt_146.png,"MIGUELS MEXICAN
3035 WW. KENNEDY BLVD
TAMPA , FL.
(813) 876 - 2587

121 MISSY
Toi 62/1
Dec26""12 04:41Py

3 WATER

1 CRAB SUIZA

1 SHRIMP VERACRUZ

1 ENCHILADA

1 FAJITA BF

1 *TAKE QUT

4 HH MIGUELS MARGARIT @ 3.98 13

Subtotal 60.87
4.27",total_amount
cropped_receipt_147.png,"Rihanna's Caribbean Restaurant
12709 BEECHNUT ST STE100
HOUSTON, TX 77072
8328902382

ORDER: 12

Cashier: LeeLee
12-Aug-2018 3:01:40P

1 Cuty Chicken
Beef Pattie",items
cropped_receipt_148.png,"NEW DELHI

TNDIAN
RESTAURANT
#237E, Sisivath Quay, Phnon Penh, Caabodia
Tel: 0969591472
Email: uonty@iehotaat con
INVOICE
Date:24-Nov-16
Tame:9:12 PA

TY PRICE TOTAL

* Thank you for dining with ust *
We Hae Fre Howe Delivery!",items
cropped_receipt_149.png,"Stall #15
96 JORDEN

stl 15/1 hk 685
sunz2'18 075904
Tray: 8

Stall
040 Ind 1 see
1 onto
Che Burger
4d ayo
ad Mast
A Ket
Ned Fries
Ned Dr Pepper
1 Pren og onto
Nt Doo
ed Tots
Ned Coffee
Tox 119, Total oe
fees Al

subtotal:

‘You Saved

Fo wee Sour state",items
cropped_receipt_15.png,"Loaded Cafe
15700 Bellflower Blvd
Bellflower, CA 90706

135 Nathalie

2 Enchi Omelete
SHREDDED BEEF

1 Open Food

SHREDDED BEEG

1 Open Food

1 Hashbrowns Side
Hashbrowns Side
Coffee Hot",items
cropped_receipt_150.png,"pine

In

penny’s Restaurant #8123

160 Eastern

Boulevard

Canandaigua, NY 14424
(585) 394-4880

ge
8/30/2015
Order: 429742
Table: 12 Guest:
1 No Beverage
1 No Beverage
1 Milk Shake
Shake Choc

SubTotal
Tax
Gratuity

Total

11:00:11 PM
Server: Bethany F
2

0.00
0.00
3.99

3.99
0.30
1,00

G20",total_amount
cropped_receipt_151.png,"00
# Sauvignon

E

1 SO SHRIMP LouTE 24.99
W/ ORESS ON StDE

5D BRUSSEL Sep 7.00

5.96 AWOUNT 0 80.43

SUBTOTAL 74.49
Tax 5.96
AVOUT DUE @ eo lag

MefatT 10 HEAR youR FeeDeack:
7 -612-

MSHOST co)
YOUR EXPERTENCE

$ToR",total_amount
cropped_receipt_152.png,"Collector’ s Choice Restaurant
ral Cypress Ave
onohomish WA 98290

360-568-1277

April 10, 2019 12:00pm
Ticket: 1904100085
Server: Cheryl] V

Seat: Dining: 18: |

Item Price

11. 691

1 Twisted Rueben

Subtotal 11.62
~-Q), /OV

1 Service Fee (-6%)
a4

Sales Tax (9. 2%)

Total $13. 53

Tip Helper:
15%=2. 03 18%=2.44 20%=2. 11

Starting January 26th, 2019
CCR includes a 6% service charge on each
guest check.
This service charge 1s fully retained by
the company, not the servers. It will be
used 100% to provide fair wages for our
kitchen staff with equitable pay and
benefits to our entire team.
We are required by law to collect tax on
the service charge.
Please Continue Tipping your Se",total_amount
cropped_receipt_153.png,"KALOOKI'S an
be (03/14/2015 8:12 PM
Oct 5300
Dine in Denies
® Item Unit Price

Chicken Fingers 8.00 8.00
‘Spiey Shrimp 20.00 20.00
‘Steamed Fish Lg 25.00 25.097
Bottled Water 2.00 4.00
Subtotal 57.00
Service Charge 10%
Total

Thank You

Kalookis
Bay Roce, ue Hits",total_amount
cropped_receipt_154.png,"Gordon Ramsay Steak
Paris Las Vegas

10/21/2014

check: 2042967
Server: Lomberto

Terminal

ests: 2

313.49",total_amount
cropped_receipt_155.png,"Via Har Restaurant
4105 Maine Ave
Baldwin park, ca 91706
626) 939-9019
aaa
Server: Isabe] station ‘
g ; zs i In

Order #; 320502 Dine
Tab] : quests 2

€: 16 4

6 TAP BEER 10-HH 9,54

Modelo Tap. 50
2 Manzanita Sol a5
1 Tamarindo 21
1 Sprite 2.18
1 Thur. 2 Cock Shrimp 11.99
2 Whole Fish

Tilapia Wh]

Fried
1 2 tes Governador

> plan ,fries
1 French Fries
1 Taco DE Asada

> plain,papas

SUB TOTAL:
Tax 1:

9/6/2018

SEER EAA AAA",total_amount
cropped_receipt_156.png,"VATE 6573590.
Tela} e7riis5
arcooterreuntte.te/Oaxson

M0005 Char ite

io is OK 501 Get 2
etalon! Feb’ 19 21:31
1 Bo2 Fil Bear ae
1 Gaz FA Au Po Ss
1 Onion Ring re)

1 Harioots Vert AS
1 Choc Truf Cake He
1 Lunta 33.00

16] Balance Due = 129.75",total_amount
cropped_receipt_158.png,"COLLEGE OF SOUTHERN NEVADA
RUSSELL'S RESTAURANT

108 SERV 7

Tb) 55/1 chk 4488 Sst 1

Oct08'14 12:10PH
1 LATTE 11s
NO FLavoR.
1 SALMON 7.95

YEt44H Amount Due 9.70

COLLEGE OF SOUTHERN Nevana
WHERE HOSPITALITY EoucaTroN
TAKES LIFE

PLEASE Pay casuter

‘Thank You",total_amount
cropped_receipt_159.png,"WITASU JAPANESE RESTAURANT SDN BHD
B-01, CENTRAL PLAZA,
4, JALAN SULTAN ISMAIL,
§0250 KUALA LUMPUR
TEL 03-2110 2893
(GST Reg. No
Tax
Table D2
Bi 11#;¥001-201060 Odr No: 199535
Date ; 29-06-2018 19:59:15
Cashier: AARON

001774428160)
Invoice

Pax(s)

D 709,50
Subtotal: 709.50
Serv. Charge (10%): 70.95
GST Payable (0%): 0,00
Total: 780.45
TOTAL 780.45

Closed: 001
Server: AARON
VISA
= eee HHIIOAZ
~ LIM CHAT JA

29-06-2018",total_amount
cropped_receipt_16.png,"HAMMOCKS TRADING COMPANY

wow. hammockst radingcompany .com
285 Roswell! Road

Sandy cae Georgia

770-395-9592 (
Meee Wirt GeO.

f :155091
a Chk :202524

eam ve 3/10/2017 6:23 pm

Shrimp Entree 21.00

Mac n Cheese

French Fries

BBQ & Blue Chz chips 6.00
Discount :BBQ & Blue Chz  -6,00

Sprite

Lobster Rol]

SubTotal

State Tax

Total
Total Due",total_amount
cropped_receipt_161.png,"Angelo's Pizza Restaurant
12247 Sheridan St
Cooper Cityb, FL 33026
(954) 893-2000

Server: Melina Station: 2

Order #: 4876

Sprite

Chicken Caesar Salad
1 Chefs Special

> Chefs Special

Soup of Day

Bar Subtotal:

Food Subtotal:
ax 1:

TOTAL:

»> Ticket #: 56 «

7/10/2017 9:32:06 PM
THANK YOU!

TOMLIN",date
cropped_receipt_162.png,"Sub Total 7
Sales Tax: 2.74

Check Total § 53.23
Andit onalsTip
Tota’ Charge:

15% tip is 7,57
18% tip is 9.09
20% tip is 10.10
22h tip is 11.11

Thank you for Coming
Gracias por sy Visita",total_amount
cropped_receipt_163.png,"LVx
Blvd
92101

Junie e ene
2228 Kettne!
gan Diego, CA

1045 SAGE 0

1 BUCATINI
1 RAVIOLO
1 BT TURNBULL NAPA

1 HALIBUT

1 YODEL

1 MILK & HONEY

1 COFFEE SM

1 GL ROUND POND SB

1 OCTOPUS

1 BEEF TARTARE

{ FINLANDIA (WELL) MARTINI 11,00
4 HALIBUT 38.00
1 SNAPPER 28.00

dow 309.00
09: 1A pale
Total 333.72",total_amount
cropped_receipt_164.png,"BEN’S BAYSIDE
211-37 26th Avenue
Bayside, NY 11360
Phone: (718)229-2367

Email: Bayside@BensDeli net

0032 Table 45 #Party 3
JESSICA M  SvrCk: 1 12:05 03/05/17
DINING ROOM

2 DOUBLE DIP, 1 tky, bow! barley,
1 past, bow! barley

1 KNISH

1 ROUND

1 KASHE SIDE

1 COFFEE

2 WATER

Sub Total:

ax
03/05 12:41 TOTAL :

Suggested Gratuity
GRAT 15% 5.69",total_amount
cropped_receipt_166.png,"EL OHICO NExICAN RESTAURANT
BR
TEL : 04-7059660
050 Hote 0

Toi 1014/1
Home Delivry
1 Ts Guac 48.00

1 Grande Chicken 64.00
Buritto

1 Delivery Charge 5.00

‘Amount: Due 117.00

‘s#8Thank You For Coningt+#
Hone Delivery No:600561112",total_amount
cropped_receipt_167.png,"| APPADEAUX

SEAFOOD KITCHEN

Pappadeaux Seafood Kitchen (612)
7800 Airport Blvd (HOU)
Houston, Tx 77061
(713) 847-7622

0089 Table 7 #Party 2
DANIEL 0 = SvrCk: 7 12:46 01/07/17

DINE IN

1 Side Craw Etouffee 4oz 10.98

= 1 Pan Seared Tilapia 2.99
ji 2 Tea 5.98
Sub Total: 38.95

Tax: Seva
Sub Total: 42.16
01/07 13:29 TOTAL: 42.16

| Thank you for dining at Pappadeaux!
/ Tip Not Included
y 15% ‘
18%

20%",total_amount
cropped_receipt_169.png,"CARL’S JR
Restaurant 1100580
11961 Beach Blvd.
Stanton, CA 90680
(714)895-5114
9/27/2017 12:13:06 PH
Order 375719 Cashier: Alvaro I

| Star Meal #1
Db] Chbgr
Hot Dog
Baked Cookie
Lg Fries
Lg Bey Bar

SubTota|
Tax

Total
Cash
Change

To Go
ank you for visiting!",date
cropped_receipt_17.png,"Chef Wang
1902 Jericho Turnpike
New Hyde Park NY 11040

ele 516.354.2358 Fax : 516.776.0587

[a

# 1022

02/02/19
02:14 PM - 03:03 PM

Scallion Pay > pis)
Little Juic

‘ Choy (L.)
Hunan Beef (L)

$2.82

Total $35.52

Thank You
Have A Nice Day",total_amount
cropped_receipt_170.png,"Delmonico’
m
srenkhouse™
1663 CENTRAL AE
ALBANY. RY 12205
(B18) 456-5656

Server: Sarah oa/23/2015
Table 57/1 9:24 PA

Guests! 1

#70056,

0.00
7,99
jmonico Steak 24,99
2.99
ae
2.99

DacafGnkdaa ited
6 Itens

42.95
3.4

46.39
ie 46. 39

Not Included",total_amount
cropped_receipt_171.png,"Buca di Beppo
Store#0511

‘sal City, CA 91608
818.509.9463

Server: Molly 07/15/2016
Table 53/1 7:57 PM
i 3 20

Dining

FERRER EERE EERE EERE EEE ESE

We value your opinion.
Visit bucafeedback.com to complete
a brief survey and enter our weekly
drawing for a chance to win a
$100 digital promotional certif
See bucadibeppo.com/buca-feedback-rules
Ss for Official Rules and restrictions.
a ‘tdre 091 257 000 051 115
Sch, a Ip.
C0 I iperevevevevecertesrcersrereet tet t ett ttet asta!
“Sh for You

Subtotal 100.26 2ara,
Tax 9,02 tooy

| Total
|
| Balance Due 109.28

109.28",total_amount
cropped_receipt_172.png,"BILL No DATE AND TIHE — PAX TABLE
Booons26s 09/12/2012 6:14 PH 82
CASHIER

2 FRENCH FRIES

1 OPEN FOOD
1.00 MANESH

1 PANEER TIKKA

Total

VAT NO : 27840:
SSTRTHANK YOU",total_amount
cropped_receipt_173.png,"\ Station: 10

Dine In
Giests: 1

1 DIET OoKe
1 AUNOH FALL TAS
TV TORTILLAS (3)
1 SOUR REAM

su Tora.
Tax |

I: sil
» Tioket #: 7 «

12/2/2017 11:48:",date
cropped_receipt_174.png,"Water

""Pollo Taco

ir Cream
huahua Cheese

MPEA Tax.
Restaurant.

TOTAL: Siig
$12.40
age: $2.45

n
A Robinson Hill Company
It's The ExpeRHience That Counts!
Tell us about your visit!
www. rob|risonht | Lusa. Coml/guest=survey.",total_amount
cropped_receipt_175.png,"ipanema

Brazilian Steak House

2023 South Pine Avenue
Ocala, Florida 34471
(352) 622-1741

Date: 04/13/18 Time: 09:16 pm

Order #: 415

«Server: Kyle118

Guest: 1
Table #: 12
Name:
DINING

1 DINNER RODIZIO $41.95
Sub-total:
Gratuity: $10.49

Tax: $2.94
Total: $55.38

Pay This Anount:
Recommended Gratuity;

1h = $0.39 28 = $8.65 Oh = $10.4)",total_amount
cropped_receipt_176.png,"Bar Louie Huntsville
365 The Bridge St. ,Suitel
Huntsviite, AL, 35866

Server: 07/03/2015
Cashier:

143/2 4:42 PM
Guests: 1 20111
Reprint #: 1

Whiskey

Subtota |
Tax

Total

CASH
Change

Thank you for visiting us!
Ask us about hosting
your party or private event
at Bar Louie Huntsville!
Eat, Drink, Be Happy!
huntsvil le@bar loujeamerica.com

--- Check Closed ---",date
cropped_receipt_178.png,"afe Ventana

ISE OR

06/24/2018
8:00 PM

Server: Ana
Table 24/1
Guests: 2

#30076
Coors Light 5.00
Ice Tea 3.25
Shrimp Fajita 18.95
Stuffed Chicken 7.95

Subtotal 45.15
Tax eae

Total 47 30

Balance Due 47.30)

J FOR FREE!!!",total_amount
cropped_receipt_18.png,"UMIX

4327 N. Expressway 77/83
956-350-8686

Brownsville, TX 78521
956-543-5089
Ticket a User : KRIST
Station Sales Rep KRIST
Hae 6:30:31 PM

Item Qty ie
Description

100027 1 5.25
PARIS.

100026 1

LE CLASSIQUE

Subtotal
Tax

Total",total_amount
cropped_receipt_180.png,"FourthStreetMill
2124 BONITA AVENUE
LA VERNE, CA 91750
(909) 596-1564
Dine In
Server: Chris D. Sep 29, 2018
Receipt: 4/33 5:38 PM
Table: PS
——
Item(s)

Lamb Burger $13.00
NO Goat Cheese
NO Bread
- Medium
Sauce On Side
Kids Grilled Cheese $5.00
Kids Fries $3.00
Sweet Potato Fries $8.00
Kids Cheeseburger $7.00
- NO Ketchup
- No bun
Sub sourdough
Beef Burger $10.00
~ Medium Rare

Sides $3.50
~- Bacon (2) Slices

ee ee
Subtotal

$49.50
Sales Tax (Incl. 9.5%) $4.70
Total $54.20

a ae",total_amount
cropped_receipt_181.png,"ime Pie, Cat",items
cropped_receipt_182.png,"DEL FRISCO'S #8620
1221 Avenue of the Aner icas
New York, New York 10020

1075 Rebekah

Tb] “40/1

4 Strip 160z

1 Ribeye Bone In

1 Cauliflower

1 Baked Potato

1 Asparagus

1 Onion Rings

1 Sauteed Spinach
3 VOSS Sparkling
6 Coke Bt!

SUBTOTAL
TAX",items
cropped_receipt_183.png,"rrr tr ae

Finnegan’s Way Check 822819
1344 Ocean Drive

Miami Beach Florida 33139
Tel, 305-672-1747

08/21/17 8:38 PH

Table 15 Cust 1

Waiter 86 IRYNA P
rrr ci tt

4 SOBE NOUITO’S 40.00

BACAROL LIGHT

Taxable: 40.00

Sub-total: 40,00
Sales Tax 7%: 2.80
Res00 TK 2K ee -60,

Total:
Voluntary 18% Tip: pes

fee] free to adjust or renove
ip anount at your discret ion

al 50.80",total_amount
cropped_receipt_185.png,"; iitctettcttetetts tet. SJ
0193 Table 54 #Party 2

WILLIAM L  SvrCk: 10 8:07p 03/22/13

DINING ROOM
TS MAIN DINING

1 BEEFEATER-MART INI 11.50
1 ROSEMARY CAIPIRINHA 13.00
1 CRABCAKES 17.00
1 BLACK PEPPER BACON 12.00
1 Millenium 2# 52.00
1 NY SIRLOIN 46 .00
1 BRUSSEL SPROUTS 13.00
1 | ESPRESSO 4.50
1 LAUREN’S HAZELNUT TORTE 5.00

Sub Total: 176.00

Tax » 15.35

Sub Total: 193.35

, 03/22 9:54p TOTAL : 193.35",total_amount
cropped_receipt_186.png,"JT's Diner
37011 Cook Street
(760) 797-2100

Server: Braulio
102/1
Guests: 2

Coffee (2 @2.95)
Two Eggs Any Style
Whole-Wheat Pancakes

Hawaiian Sausage

Subtotal
Tax

02/12/2016
10:28 AM
50022

5.90
6.95
8.95
4,50

26.30
2o10

28.40

28.40",total_amount
cropped_receipt_188.png,"Spiral Diner « Bakery
608 E Hickory St
Denton, TX 76205

Orders 185736
Eat In Order
Server: Sarah &
g

Real Smooth
Short Stack
Coffee
Breakfast Quesadilla
NO Sausage
Grilled Spinach
Southern Comfort

Subtotal:
Total Tax:

Order Balance due:

www.spiraldiner .com",items
cropped_receipt_189.png,"New Chin
30 a Higley Rd, ee 102
sa, AZ 85205
reniqgoria 9886/9892

pee ye vakeeee
Ser te ee TL
1 Beefw. Broccoli 8.25
w. Chicken Fried Rice 2.00

7.95
675
Amount: 24.95
TAX(8.05%) : 2.01
TOTAL: 26.96

1 Sweet / Sour Chicken
1 Chicken Chow Mein

Thank you very much.",total_amount
cropped_receipt_19.png,"12:49 PM

7

a |
""YOUR GUEST NUMBER 1S
12

IN-N-OUT BURGER SANTA CLARA
12:48 PM

2012-04-27
176 1 262 1110

Cashier: KEVIN DU
Check : 12

HAMB
GR X LX 1M Inst pro

Counter—Take Out

TAX 8.25%
Amount Due

Cash Tender

Change
THANK

2012-04-27 Ly",total_amount
cropped_receipt_190.png,"MIGUELS MExTCAN
‘35 We KEWEDY ELD
THER, FL
(13) 876 ~ 2587
187 MEGAN
Ok 3923 Get

.Ju105'17 055306

DINE IN
2 WATER 0.00
1 BNCH VERDE 12/50
1 ENCH HAMEL 2.80

Subtotal 8.20
Tax 1.78
06:11PM Total §=- 27.08

PLEASE PAY YOUR SERVER
THANK. YOU
FOR CHOOSING MIGUELS CAFE

“Tear Here-

Fp: MEGAN F Table: 42 Check#: 3
Date: 7-5-17",total_amount
cropped_receipt_191.png,"Bomeay Gat
House

Bombay Grill House
764 9TH AVE
NEW YORK, NY 10019
2129771010

Any Special Offer will be at End of Receipt
ORDER: Table 2

Dine In
30-Jun-2018 10:36:38P

Transaction 104379
1 Onion Bhajia $5.95
1 Lamb Vindaloo $14.98

medium

Konkan Fish Curry $16.95
medium

Shrimp Briyani $16.95
medium

Garlic Naan $4.00
Hess Cabernet $50.00

Subtotal 4 $108.80
Tax $9.66

Total $118.46

CREDIT CARD AUTH $118.46
MASTERCARD 0148

Tip 35.s#

Total IS00S",total_amount
cropped_receipt_192.png,"NOD Pizza

76902 92nd Ave NW
Suite A

Stanwood, WA 982

Phone 360.205.9680

4:06:54 PM

292

5/19/2019
Order Td: AABT4HNGACCM
#77 - HERE

$9.94

Draft Beer (2 @ 4.97)
Fountain Drink (1602)",total_amount
cropped_receipt_194.png,"Marie Ca} lender's Restaurant
‘Store #134
2ist Price St
Pisno Beach, CA 93449
(805) 773-0606
wew.ncples..com

111590 Beck
Toi 2/1 Chk 1878,
No

re

CORNBREAD SVC
2 TAIO- POT PIE @ 9.99
2 C- PIE SLICE
1 No BEVERAGE
4 SOFT DRINK,
BDAY CLUB $5

Bueess)

©
pes
osd

subtotal
Tax
07:10PM Total

*
*
*
*
*
*
*

whole piet",total_amount
cropped_receipt_196.png,"Amici Conyers

1805 Parker RD Suite G110
1805 Parker Rp
(678) 890-2005,

Server: Nicole 06
Table 82/1 ‘ae
Guests: 2 30004

Seat 1
SHEER reece

e
ier Calzcne a
Side Caesar 4.99
Subtctal 19.27
Tax 1,35

Total 20.62

Seat 2
Jeeoeebabb bana ESERIES EERO
Coke 2.29
Db] Stack Cheeseturger 8,99
Bacon 0.99
Subtetal 12,27
Tax 0.86
Tctal 13.13

Subtotal 31.54
Tax 2.21

33.75

Due 33.75

for dining with ust
TED GRATUITY:",total_amount
cropped_receipt_197.png,"HET) Date

NAMES CHARES

QHeCKs 71128.)
Closed to Credit Cara

QATGLTIME: 12/91/2018 6:06:02 PH
Sabi: OF
So happy about your visit!

OHICKEN.

LPM Eo ee)
1 VEGAN BENGAN BHARTA®

Subtotal
Total before tip:
Tip amour

“ai",date
cropped_receipt_198.png,"BAR RISTORANTE

STABILINENTO HARINO E TERHALE
SAN HONTANO S.R:t

vin s.MoNTANO — LACCO Alt

PARTITA uA 00200430635

2x 0-80
Gassoi_¢ Stoviglie
2x 5-00
Macedonia
Insalata Negombo
Bufala

Pomodorini
Nat 1/2 It

TOTALE €

CONTANTE

REG. 001. OPER. 1
28-08-2018. 12:41
SCONTRINO FISCALE N. 82

roe 1 45400311

reo (ND

EURO
1.00

10-00
10.00
8.00
4.00
1.00

34,00",total_amount
cropped_receipt_20.png,"station: 2

ine 19
amste: 2

2
5
é
0
7
0
2

Beessse

f

ge 8

SB

» Tidet 128 «

5/12/2017 7:48:12 PH

THAN YC",date
cropped_receipt_200.png,"Vartan
1 Linas ine

| Brane

J Pizza

J carrot Ca
1.61 Sangiove
16) Her

T Mise F

total
Taxes:

Total Due:",total_amount
cropped_receipt_21.png,"__ Deovan Spice
en ees Avenue
s y City Local, NJ 07306
(201) 604-1772

Server: Com
Order #: 0110
Table: 2.
1 Dal Fry
1 Paneer Butter Masala
2 rice

1 Deccan Special Biryani
1 rice

Qnline Offer

SUB TOTAL:
Tax 1:

ORDER TOTAL:
18% TIPS:

TOTAL:

7/26/2019 10:56:49 PM
SHEE RO HR ORE IE ER EERE EEA EE
No returns or cancellations accepted once order
is placed. Exchange only for faulty items ONLY.

“FRR BR ERROR DESH POREEP

wv",date
cropped_receipt_22.png,"HAWWI ETHIOPIAN RESTAU
1125 QUEEN ST
ALEXANDRIA, VA 22314
7037179740

ORDER: Table 2

Dine In
Cashier: Mosa
13-Jul-2018 8:53:47P
Transaction 000016

Guest 1

1 26.Fish Goulash

7 30.Dullet
1 34, Vegetarian Dish

Subtotal
Tax

Total",items
cropped_receipt_23.png,"Moonstar Restaurant
383 Gellert Blvd., Daly City, CA 94015,
(850) 992-2888

PAID REPRINT 1
""332 PIS = #2406

aTy/l 3 NAME u/P PRICE
WEEKDAY DINNER ch wy 29.88

UBT
15% SERV. pe ‘
TDK) s

‘us TOL:

ie

0/29/2018 19:5)

THANK YOU",total_amount
cropped_receipt_24.png,"GUSTO
Thai Gusto Restaurant
2011 Hewitt Ave
Everett WA 98201
Tel. 425-252-3525 Fax. 425-252-3525.

Welcome to Thai Gusto

Table 4

Date: 6/16/2017 12:36 PM
Server: PRACH

Chang (26$3.50)
#L14 Garlic Delight
[Chicken] [5**###] [Smal] Brown Rice]
$10

#128 Red Curry
[Chicken] [5***+*] [Smal] Brown Rice]

Total 4 item(s)
Sales Tax

Grand Total

Tip Guide
75%=$4.52, 18%=85.43, 20%=$6.03

Thank you very much.
Come back again.

- GUEST CHECK -
This is not a receipt.",total_amount
cropped_receipt_25.png,"New Asia Buffet
14727.5 Rinaldi Sst
San Fernando, CA 91340
Tel: (818)898-0880

WeekEnd Dinner
Date: ov-15-06-N Time

Server

No, of Guest

2 Weeken Dinner
2 Coke

AMOUNT : 31.12
TAX(Sk) : 2.80

TOTAL : 33.92

pgested Tip (10%)
(18%)
(20%)

THANK YOU VERY MUCH,",total_amount
cropped_receipt_26.png,"McDonald’: tas cauract #3100
1617 N ESSTSA\ AVEN.2
0S ANGEL! ¢ 1953
Wee Se ee) tal

790119 03:08 PM

K3# 2
Order 97

Sidel
1 Dbl Qtr Cheesi 99
Special Reque: t
ADD Leaf Lettics

ADD Mac Sauce

Subtotal

Tax
Take-Out Total

Cash less
Change

MER# 439206

CARD T3SUER

OW DEBIT CARD ‘1.
TRANSACTION AMD. hT

HIP READ

WTHORIZATION O10: = cil: a4)
EQ# 039988

ID; AD00000004:

McDonald's now avai alt 2 or JberEATS",restaurant_name
cropped_receipt_28.png,"1 a
Pe
Moj
ran

APT, MAWAI{
Longboards
92-161 Haipahe Place
Kapolei, HI 96707
(808) 679-4700

Server: Elijah J 01/11/2019
Check: 24016 12:46 PM
Table: 44/0

Ranch
Wagyu Cheeseburger

Medium Wel]

Garlic Fries

ADD RAW ONIONS& BACON PLZ
Drink of the Day
Tea

Subtotal
Ohana Discount Breakfast
HI HNLKO 4.712% GET

Total

Gratuity

Total",date
cropped_receipt_29.png,"ULAS BIRGERS #15

sas Waentnaton Bl

ventter, Calif 2508
(G82) e25-7484

Check 20018

+ fries «|

sezerfean che
1 acd bacanss

S9r11 entenst
1/98 ZuCDKINT

T MAKE SPECIAL
¥ onions rings +

+ Jesonade +

SERV CHARGE(28) ee 0:81

Tax
*DRV THRU

coh lll",items
cropped_receipt_3.png,"0 Bell 17314
’230 Pendleton t,
Cashier

eam

8 Crsh Fe

SubTotal
Tax

Total

Approval

| xove No av.",items
cropped_receipt_30.png,"RINCON MEXICANO
99 BROADWAY

SOMERVILLE, MA 02145
6179661387

ORDER: 45
Dine In

Cashier: LORENZO REYES
09-May-2017 7:19:46P

Arroz
Taco De Pescado
Taco Tuesday Pollo
Taco D Carne Asada

Taco Tuesday Pastor
Horchata

Taco Tuesday Pollo
Taco D Cochinita

2

2

2

1

1 Taco D Chorizo
1

1

1

1

1 Taco D Carnitas

Subtotal
Tax

Total
Order 7JTOG77X6ANR8",items
cropped_receipt_31.png,"1 coffee

1 Glass House Wine

1 gusbo Coctal? Shriap
1 Escargot Bourautgonne
1 Veal Zingarta

1 Duckting ale Arencio

18 TOTAL:
Tax 12
TOTAL:

>» Ticket
12/8/2017 4:44:05 PH

seseereioRbecenaset es
Thank you for dining at Ville D'Este

Please cone again soon,",date
cropped_receipt_32.png,"ASS pb RSE bbb baa aaa a er aE mar

laurel Tavern Hermosa Beach
1220 Hermasa Beach

Hermosa Beach, CA 90254

ets

01/12/19 1:23 PM

Waiter 80 Sophie

Table 501 Cust 1

Order 1388
FECES A AREER AAI

1 BIL BEER 5.00
1 BRUSSELS SPROUTS 8.00
1 CANTONESE TENDERS 11.00
1 GRILLED CHEESE 12.00
1 $ ADD GARLIC FRIES 4,50

Taxable:

Sub-total:
Taxes:

Total Due: 44.35

THANK YOU!!!
ALWAYS DRIVE SAFELY

Please visit our website:
www, laurel tavern. com
INSTAGRAM: @laureltavern",total_amount
cropped_receipt_33.png,"WINGS & THINGS
1717 DUTCH BRDY ELMONT, NY 11003
THANKS CALL AGAIN 516-341-7075

#168 , OUT
T’MAC&CHZ - SMXLL 1.19
1 COLL GRN - SMALL 1.19
CORN BREAD 62
“P5 WINGS
SPCY FRY

THANK YOU COME AGAIN
1

PH #
0168 20:14 #04 MAR.19'17 REGOOOT",total_amount
cropped_receipt_34.png,"——EE———=S—t

8030 yatta sane Mi
(984) 923- 2900
server: ANASTASHIA 05/18/2008
Table 57/1 a
Guests: 2
Taco Salad 15.49
Ground Beef
8.99

Add Chicken Fajita

Pechuga de Pollo 18.99

Subtotal 43.47
Tax ee

Total] ae

Balance Due 46.73

Server about the
S Loyalty Program
MS OF TeWardseto ear,",total_amount
cropped_receipt_36.png,"Argonaut Diner2000° We Deliver

Please Pay at Cashier
1084 Yonkers Avenue Yonkers, NY 10704
(914) 237-5055
Copy of Receipt

1 Coffee
1 Tea

1 Waffle

1 Old Fashion French Toast
1 Side Home Fries

1

]

|

Banana
Whipped Cream
W/ 2 EGGS

‘Subtotal:

Tha:

Michael De Maio
AUGUST 13, 2017 3&

me 4

12 Comments;",items
cropped_receipt_37.png,"PAPPADEAU XK

SEAFOOD KITCHEN

Pappadeaux Seafood Kitchen
4 Copeland Rd, Arlington, 1k
(817) 543-0544
www .Pappadeaux . com

0035 Table 72 #Party 3
SARAH H Svrck: 2 12:11 W/18/17

DINE IN

1 Lump Crab & Spinach Dip 15.99
1 Cajun Combo 18.95
1 Lunch Shrimp & Andoui lle 3.99

Sub Total: 48.85

Tax: ae

Sub Total: 52.76

11/18 12:45 TOTAL: 52.76

Thank you for dining at Pappadeaux .
Tip Not Included

15% Eh

18% 9.50

20% 10.55

e-Gift Card Payment (19 Digits)

Present e-Gift Card for validation.",total_amount
cropped_receipt_38.png,"Store #1291
Panda Exoress

Everett, WA
(425) 710-0278
3:41:24 PM
Server: Tameka J
139.00

3/16/2013
Order; 177437
1 PARTY PK 18-22

CHOW MEIN
FRIED RICE
FRIED/C MEIN
ORANGE CKN
GRILL TERIYAKI CKN
PEPPERCORN SHRIMP 12.00

SubTotal 151.00
TAX 13.89

Total 164.89

Cash 200.00
Change Ot

FIFI ICI OUI IOI TO ICO III II

JOO IOC IOC III IOI IR IR II IR RIK IK

FREE ENTREE ITEM!
HE VALUE YOUR OPINION!

Call 1-888-51-PANDA(72632) or
Visit pandaexpress.com/guest

Xx
x
*
x
x
*

Hx * % Ee OE",total_amount
cropped_receipt_39.png,"Micros Demo System
Aelcone to Yogurt land
12502 North Kendall Drive
I i, FL 33186
(S105) 279-3478
Date: Sep07'18 09:28PM
Card Typ; VISA
Acct #: XXXXXXXXXXXXIBHZ
Card Entry: SWIPED
Trans Types PURCHASE

Trans Key: T11008007193348
Auth Toda: 071410

Checl:: 1082

Server: 1041 melanie

Tota 17.88

#4NO SIGYATURE REQUIRED
FOR PURCHASES UNDER $20. 00%%",total_amount
cropped_receipt_4.png,"fl EI Gran Mar de Plata

10325 Hammocks Blvd

Miami, FL 33176
(305) 386-6638

Server: Kayra Station: 10

Order #: 8262
ash gb Sa

» STL «

1 Miller Lite

SUB TOTAL:
Sales Tax:

TOTAL:
Cash Tendered:
balance:
» Ticket #: 5 «

Created: 4/20/2017 10:13:17 PM
SETTLED: 4/20/2017 10:13:25 PM

THANK YOU!

He",date
cropped_receipt_43.png,"aviEW, NU 07022
phone: (201) 840-8428

Check :832869 Guests: 1
Date;02/11/19 Time :07: 46pm
Table:23 Server :DANIELA
1 Guaca Chicharron $13.99
2 EMPANADA $3.00
1 PARGO FRITO $19.95
Ensalada
Aguacate
No Cebolla
No Cebolla Roja
1 MAR Y CHICKEN $17.00
Tostones
Tostones
€& TOGO 2 »»»DYDd»»DDDDD2»DHDDDIPVDNMMDDY
1 SALMON A LA PLANCHA $16.00
Ensalada
Ensalada

ae Ma
Subtotal: $69.90
Vo Nae -$17.95

Tax:: $3.44
Sbt] w/Tax: $73.34

Amt Due: $55.39",total_amount
cropped_receipt_44.png,"BK souL FOOD &
11318 YONKER:
YONKERS, NY >#

914-237-6083

June 23, 2019 at 2:33 PM

ORDER # 1019",items
cropped_receipt_45.png,"cruno's offen #4717
7635 WINNETKA 4

CANIGA PAK C616 376.0407

ver 9.98

5
10.94
00
8

HW

P19 Reoi002",total_amount
cropped_receipt_46.png,"y s
Um's RESTAURANT

Walk_in

Food Subtoial
Bev Subtotal’ 0.00
Food Tax: 1.25
BovTax: 0.00
Total: 22.03
Receive 03
Ciiange, 0.09

PAID Cash
Thank You",total_amount
cropped_receipt_47.png,"Araxi Burger Aventura
17861 BISCAYNE BLVD
Aventura, FL 33160

Server: Valerie P
Check #33

2 Vanilla Bean
Classic Burger 4oz
Route 66 Burger 80z

10% (10.00%)

Subtotal
Service Charge (18.00%)

03/17/19 5:39 PM
Table 12

$12.00
$8.00
$14.00

- $3.40

$30.60
$6.12
$2.14
$38.86

Powered by Toast |",total_amount
cropped_receipt_49.png,"LY GRILL

EXCELLENCE SERVED DAILY
Daily Gril
| 2501 Colorado Ave

Santa Monica, CA 90404
Server: Dana 11/01/2018
Table 54/1 7:30 PM
Guests: 2
#20027
Coke 3.65
Short Rib 27.95
Diet Coke 3.65
Crispy Naked Wings 11.95
Rib Eye Steak 35.75
Broccoli
Become a fan or write a review.
Find us on Facebook, Twitter & Yelp.

Subtotal 82.95
Tax 8.50

Total 91.45
Balance Due 91.45
Sign up @ DailyGrill.com

to Receive Exclusive
Offers & Promotions.",total_amount
cropped_receipt_5.png,"SOLDEN BOWL TERI
ERIYAK|
Sono GARFIELD AVE.
SOUTH GATE, CA. 90280
TEL: (832) 928-8999

REG 08-18-2019 11:19 AM
Manager1 MC #01 000141

ORDER+ ooo0141

1 #1 CHKN PLATE $9.39
1 + AVOCADO $1.95
1 MD. DRINK $2.29
2*kKHERE:-

TAX $1.40
TOTAL $15.03
CASH $20.00
CG $4.97",total_amount
cropped_receipt_50.png,"KICKIN KAJUN KAPOLEI
Ka Makana Ali‘1
91-5431 Kapolei Parkway, Suite 426
Kapolei, HI 96707
(808) 628-4771

Server: Chenay B
Table: Table 2
Date: 7/18/19, 5:47 PM

Margarita $6.00
Add Tequila +$4.00
Strawberry Daiquiri $6.00
Add Vodca +$4.00
Snow Combo $54.00
Kickin Sauce +$0.00
Mild +$0.00

Subtotal: $74.00
Total Tax: $3.49

Total: $17.49

Receipt Total: $38.75

Suggested Gratuity",total_amount
cropped_receipt_51.png,". pA
port?

HOLLYWOOD CAFE «
AM Dining ®""

4 PM
ste: 09/08/2017 Time: 42:49:41 ™
heck: 332114 Table: 42
lovers: 2 Person#: 1
: 346 Opened: 12:1

:00 PM at

St

CHEESE STEAK
+AMERICAN CHS
+FRD ONION

Chix Cheesesteak

SUB-TOTAL

Food Tax

Liquor Tax

Other Taxes

Total Tax

OTAL 3

THANK YOU!",date
cropped_receipt_52.png,"GENERAL POOR’S
TAVERN
45 MAIN STREET
HACKENSACK, NJ 07601
(201)487-5882

Check#:555149 Guests: 0
Date :04/10/16 Time: 12:30pm
Table: Server : VERONIQUE

Aetna ER
40 BONELESS WINGS SPEC $10.00

Subtotal: $10.00
Tax:: $0.70

Sbt] w/Tax: $10.70
Amt Due: $10.70

THANK YOU
FOR CHOOSING
GENERAL POOR’S!1

TIM",total_amount
cropped_receipt_53.png,"285-41 Jericho Turnpike
Floral Park, NY 11001
Tel: 718.343-4816
ww snancysrestaurant .net

108 Tom
Check: 1075 Guests: 2
Table: 34-1

08:22PM

DINE IN

g] Inp White
Blue Moon Tap
Mozzare} lakTonato

Pork Quesadilla
Fren Onion Soup

Pork Chop
Hanger Sizzle

‘SUBTOTAL
Tax",items
cropped_receipt_55.png,"BIG Jo's
1955 BROADWAY Jan 25, 2018
SANTA MONICA, CA 90404 11:47 AM

(310) 828-3191

www.bigjosburgers.com
————

Ticket: Shirley
Receipt QIxi

PICKUP _
HB
Regular Price
French Fries x 2
($2.50 each)

Turkey Burger
Combo

HB
Combo, Grilled Onion ($0.75)

CBx2
($7.85 each)
Combo

CB
Regular Price, Grilled Onion ($0.75)

Chill Fries

$5.00

Subtotal
Sales Tax

Total
Cash
Change

$5.25

$56.50
$60.00
$3.50",total_amount
cropped_receipt_56.png,"WINGS & THI NGS
519 FULTON AVE. HEMPSTEAD NY
THANKS CALL AGAIN 516-483-0936

IN

50P°, #195
5.99

A00P! 1 #7 2PC R&B MEAL
200° ICED TEA
SUB CORNBREAD
50p! 1 #3 SWING MEAL 6.99
Or SIERRA
140% | SUB FIXN
| MAC&CHZ
1 #3 SWING MEAL
ICED TEA
1 SUB FIXN
SP RICE
1 #3 SWING MEAL
ICED TEA
1 SUB FIXN
MAC&CHZ
T COLL GRN = SwaLt 1.19

TXTL 2.43

TOTL
CASH 30.58",total_amount
cropped_receipt_57.png,"ZOCA RESTAURANT
98 GARFIELD PARKWAY.
BETHANY BEACH, DE 19930

(302 616-2120

WWH.ZOCA. RESTAURANT
Check #: 5033 ue He
Server: Madi le He
Table: 31/2 Guests:

1 House Recipe
2 Sandia Margarita (@13.00/ea)

1 Totem Honey Bee

1 Queso Fresco Guacamole

1 Queso Fundido Mexican Street Corn Dip
1 Salsa De Molcajet

2 Taquitos Carne Asada (@15.00/ea)
1 Taquitos Baja California Shrimp
1 Mole Enchilada

1 Quesadilla Chicken

Sub-total

COMPLIMENTARY

ITEM COMPS:
1 Queso Fundido Mexican Street Corn Dip",total_amount
cropped_receipt_58.png,"CAFE PARISIEN LARCHMONT LLC
242. N LARCHMONT BLVD
LOS ANGELES, CA 90004

(310) 815-8222

Dine In

Jan 24,2019
40:29 AM
Table: 36

OO

Server: Kimberly L.
Receipt: YWGS

Item(s)

CROISSANT AUX RAISINS
Cappucino

Subtotal
Sales Tax (9.5%)
Total

Customer Copy",items
cropped_receipt_6.png,"/ SASKA'S
3768 Mission Blvd
(7 San Diego cA 92109
(858) 488-7311

Server: Sue 08/15/2017
Table 103/1 5:51 PM
Guests: 2 10005
Reprint #: 2

Draft Blackhouse 7.00
“Cowboy” 160z Ribeye 45.00

Make It Blue 5.00
Add Lobster 21.00
CK Manhattan (2 @5.00) 10.00

Whistle Pig Rye 10yr (2 620,00) 40.00
(2)BMOD Up

""Duke"" 1602 Top Sirloin 34,00

Make It Blue 5.00

Subtotal] 167.00
Tax 12,94

Total 179.94

Balance Due 179.94

SUGGESTED TIP
BEFORE DISCOUNTS
18% =$30,06
20% =$33,.40
22% =$36,74",total_amount
cropped_receipt_60.png,"LANDFALL RESTAURANT
APRIL TO DECEMBER

OO84 Table 31 #Party 3
DWYER W SvrCk: 13 113474 06/10/17
Separate checks: 6-of-6

1 CUP CHOWDER 6.00

Sub Total: 6.00

Tax 0.40

GRAT 18 ane |
06/10 1:399TOTAL : 2. Se

LUNCH & DINNER
WE TAKE RESERVATIONS
EST 1946
508-548-1758",total_amount
cropped_receipt_61.png,"1660 India Street Hee
: Jake 12/17/2017
Server 6:29 PM

Table 24/1
Guests: 2 20018

12.00

G1] Karma Cab Sauv
11.00

§] Douglass Green SB

PKLI Green Curry Scallops 21.95
PKLI Piri Piri Chicken 2345

Subtota] 74.70
Tax 6.00

Surcharge 3.75% SC 2.80
Total 83.50
Balance Due 63.50
#3.75% SC - In support
of the increases to min wage

To find out why, visit
www.wnlhosp,com/rttd",total_amount
cropped_receipt_62.png,"hili's Grill & Bar

Puente Hills #25

17588 Castleton 3t
City of Industry,CA 31748

09/15/2018
WZ

: Jose $

OrdersTypes.Dine In

TRIPLE DIPPER
CHICKEN WAFFLES4

Suototal

Total Tax
Total

Balance Due

* Gratuity Guide
15% = $3.95
18% = $4.75
20% = $5.27
22% = $5.80

Want free Chips and Salsa
or a drink, every visit?
Chilis.com/Rewards

Gift Card acti
delayed by 4h",total_amount
cropped_receipt_66.png,"Taco Maria
3313 Hyland Ave. Ste C21
Costa Mesa, CA 92626
714 538 8444
www, tacomaria.c

Order# 118888
Server: Jesa R
Table: Bar 7
Date: 1/23/18, 12:

Chicken
Pescado
Arrachera solo

Subtotal:
Total Tax:

Order Balance due:

Suggested Gratuity

i Tip
18.00% of sale: $7.65 =
20.00% of sale: $8.50 =
22.00% of sale: $9.35 =",total_amount
cropped_receipt_67.png,"RISTORANTE
BELLAGIO (CO)
TELEFONO 031/951888

TAV. 9 COPERTI
SALA UNICA

14/07/2019 16:23

4 COPERTO

2 ACQUA NAT

1 SALMERINO PIASTRA

1 TRENETTE AL PESTO

1 SPAGHETTI POM. BASILICO
1 FETTUCCINE RAGU’

4 PATATINE-FRITTE

TOTALE

MANCIA/TIP

Prego ritirare il
documento fiscale
alla cassa

12.00
8.00
18.00
13.00
10.00
15.00
6.90

82.0",total_amount
cropped_receipt_68.png,"18128 Pioneer Blyd
Artesia, Ca 90701
(562) 991-1801
www.anjappar la. com
Anjappar - Artesia

Order ig 864 lee #35

Table it

Server: Deepthi R- hare #1

Seat #1
1 Ghee Dosa
Kid is waiting
1 Anjappar Mutton Meals
1 Kaldosa
1 Plain Dosa",items
cropped_receipt_69.png,"es Tee
bate: 4/10/%6,""3

Pork

|) Pancakes

Side Bacon
2 Regular
$3.00 each",total_amount
cropped_receipt_7.png,"Akira

32075,
sises

Sushi Delixe
Glenmont Rot
Philly",items
cropped_receipt_70.png,"River ViTlage Fani 1) Restaurant
22825 Huron River DF
Rockwood, MI 48173
(734)236-4038)
(09/12/19 8:02 AY

Server: Jasmine &
Table 23

Check #7

Apple French Toast $7.99
} $2.29

Coffee

Subtotal
Tax
Total

2,99 early bird breakfast special)
Nonday- Friday 7am ~ Bam
River village kayaking now open)

Sunday-Thursday 7:00am-8:000"" Wi
Friday/Saturday 7;00an-9:00en
Pay at the cash register
Thank you!!",total_amount
cropped_receipt_71.png,"- M's Hot Wings & Things ine
886 N. Garfield Ave
Montebello, CA 90640

(323) 477-1345

Server: Jose
Dine In
an eee 10.00

1 Ribeye Steak Lunch 10
> med-rare

SUB TOTAL:
Tax:

TOTAL:
>> Ticket #: 32 «

6/28/2019 2:16:34 PM
[pro aor G eb ob obi
10% Gratuity = $1.00
15% Gratuity = $1.50
20% Gratuity = $2.00

FERS EE EERE EIA A aE AE

VAR",total_amount
cropped_receipt_72.png,"oral Park NY 11001
Tel. (616) 368-5584
Order 217510
02/18/17 10:20 PM Check 101244

Table 15 Cust. 2 Server 21 Kelly Bone
SOKO OOK OOO OOO OKO KOOOO ROK OOKRI KI

1 Quesadilla 11.00
1 Pot Roast 18. 00
1 Fish An Chips 16.00
1 Side Salad 4.00
1 Dft Shock top 5.50

15.00

2 Dft Guiness

faxable:

Sub-total:
Tax: 6.00

Due:

Total",total_amount
cropped_receipt_73.png,"GHANA HAW

4469 S

Maywood, CA 90270
(323) 771-9888

er: karla station: 3

Order #: 65193 Dine In
>> SETTLED
1 1/2 AND 1/2 COMBO 8.45
FRIED SHRIMP
SHORT RIB
11/2 AND 1/2 COMBO
BBQ BEEF
FRIED SHRIMP
2 FOUNTAIN MEDIUM

Bar Subtotal:
Food Subtotal:
Tax 1:

AMQUNT DUE:
Cash Tendered:
CHANGE:
>> Ticket #: 94 <<

Created: 6/1/2013 7:43:46 PM
SETTLED; 6/1/2013 7:44:18 PM

THANK YOU!",total_amount
cropped_receipt_74.png,"Sunay 4949-0 thon 626-565-9550
62S Fair Oks. Ave
assent, 0h, 1105

Served by: 41 5/1/2019 2:25:97 pa
fern O-Tranet Wa-zsvecs

Pron

s8 dey 2 Along 11.98

1.99
ed",total_amount
cropped_receipt_75.png,"ao

Hr O270
Lin Buffet
7988 N. Expressway
Brownsville, TX
Phone(956) 544-6600
Date: Feb 24, 2019 Time: 03:22PM
Server: Kenye Judith  # Guest: 1
Bill: 0270
2 Weekend Buftet
2 Drink

_ Subtotal
Mie Sales Tax

Beverages
Food 27.18

Open Time : Feb 24, 2019 03:22PM",total_amount
cropped_receipt_76.png,"SmokeBoxBBa
2361 Whitney Ave
Hamden, CT 06518

203 909 6545

ORDER#_ 39
CASHIER
5/22/2014 2:00:4

1 FXN DIET BIRCH
1 FULL BOX

SUBTOTAL:

TAX:
SERVER T#0000074

TOTAL:

Cash
Change

CLOSED",date
cropped_receipt_77.png,"a a we La

$25.78",total_amount
cropped_receipt_78.png,"NAANCHING

103 MONTGOMERRY S1

JERSEY CITY, NJ 07302
2019840709

ORDER: SECOND FLOOR 19
Dine-in
cashier: Kiran

24-Mar-2019 7:14:55P
1 Chicken Lollipop $9.00
Med $0.00
1 Thai Fried Rice $12.00
Veyetables $0.00
Med $0.00
1 Chicken Tikka Masala $16.00
MILD PLEASE
1 Naan $3.00
1 Vegetable Biryani $12.00

MAKE IT MILD PLEASE

1 Mango Lassi $4.00
Subtotal $56.00
Tax Sow
Service Charge (18.0%) $10.08
Total

$69.79",total_amount
cropped_receipt_79.png,"Follow us on Instagram & Facebook
@tayhooak land #tayhooak land
Please help us going Green & Save Our
resources!

Please ask for Credit Card Receipt
if you'd like one printed for your

record...

Order# 142750
Table: Table - 7
Date: 2/19/19, 1:20 PM

- Special Combo Pho $12.95

Total Tax

Order Balance due:

Suggested Gratuity
} Tip Total
+00% of sale: $2.33 = $16.51
le; $2,59 = $16.77",total_amount
cropped_receipt_8.png,"——
Katana Sushi
2816 Hewitt Ave
Everett, WA 96201
425-512-9361
HHA AKA AK

Server: Michael C
05/11/18 68:47

Check #93 Table

Hamachi Collar $12.
Mega Poke Bowl $17-
Hamachi - Sashimi $12-
Maguro - Sashimi $11.
Salmon - Sashimi $10.
3 Sockeye Salmon - Sashimi
$36.

Hamachi Japapeno $12.

PHM
B2

ists)
oo
ists)
oo
oo

oo
oo

Salman Collar $10.00
Escolar - Sashimi $11.00

Subtotal $131
Tax $12
Total $143

EK KK KK I5%, a

Thank You for your visit.

-00

oats)
Airy!",total_amount
cropped_receipt_80.png,"la

y

FALMOUTH RAW BAR
Falmouth, Hh 02540
(508) 548-7729

check 5738/1 o7/ozie-a 6:20PM

Guests J Abby Table

1..6 Oysters 19.00
1..Fish and Chips 22.00
3..MONSTAH rol] 114.00
1,.Chicken Wings 12.00
3. .#Patron 28.50
2..*Sparkling Wine 22.00
1..#0pen Liquor 6.00

| patron double
(#Item shown with tax included)

Items 219.81
town/MA tax 15.38

TOTAL 235.19",total_amount
cropped_receipt_81.png,"Newark Buffet
35201 Newark Blvd. #W Newark CA 94560
510-818-1136
http://www newarkbuffet .com

05:25 PM 36/29/2019

Server: Tim-11

Tab B11 ;

ary WANE u/P PRICE
WEEKEND DINNER BUFFET 19.39 39.98
WEEKEND DINNER KIDS (3-5Y) 7.99
WEEKEND DINNER KIDS (6-107)

10.00
SODA DRINK 1.99) ieee

WEEKEND SENIOR DINNER 18.09

SUBTOTAL:
Tax (9.75%) : 8.20

TOTAL: O22.

int wil",total_amount
cropped_receipt_82.png,"BRASAS RESTAURANT
6011 W ROOSEVELT RD
CICERO, IL 60804
7087127173

Cashier: Tany
02-Mar-2019 12:53:48P

1 Chicken Torta $6.50
1 Horchata $0.00

MD $2.00
1 Custom Item $0.50

Subtotal $9.00
Tax $0.97

Total $9.97
Order T237THOQOT7RC

e: https://clover.ce",total_amount
cropped_receipt_83.png,"SURATI FARSAN MART
11814 186TH STREET
ARTESIA, CA 90701
562-860-2310
< WH SURATIFARSAN COM

16 Daksh D

Aug08 ‘19.07: sae

1 Chole Samosa **keT@ GO ***
XXXXXAXXXXXXB4OZ
VISA

16 Check Closed
Aug08'19 07:34PM

Thank You! oe your business

Free gp persica on orders
of 7|b

ie. Eigen ‘COM",total_amount
cropped_receipt_84.png,"co

RESTAURANTS, INC
King Taco # 30
Exquisitamente.__
a la Mexicana 1
1 PRREREE ER OR ERE ROE EERE EERE H ER Epo ib

1 SOPE ASADA
CON TODO
COPA S,ROJA
1 TACO ASADA
CON CEBOLLA
COPA S.ROJA
1 TACO PASTOR
NO CEBOLLA
COPA S.ROJA
1 QUESADILLA ASADA
1 ORDEN CHIPS

Sub/Tt]
Tax 8.75%
TO-GO
ViSA

Acct: XXXXXXXXXXXX6381
Auth: 042402
Trans ID: 274999

SIT/T
Cashier 12875 CYNTHIA

Terminal 01 RECIBO # 10368
NUMERO DE ORDEN

11:24pm

bz EERE ERE Ee eer

Muchas Graci
FARRER ee

PRREE Coo aopey
a8 por su Visita!",total_amount
cropped_receipt_85.png,"Trattoria sap0r ito

328 Washingtonstreet
Hoboken
201-533-1801

TABLE # 4
CHECK# 27273

va 7/1/2018 5:53:48 PM
SERVER: Pasion

1 STUFFED ARTICHOKE*
C0222
BK FE

| TT_AL PORCINI

1 COSTOLETTE/ALLA/PAP*
1 BROCCOLI RABE W/ GA*
1 ESPRESSO*

1 DBLD ESPRESSO*

$117.75
8

$8.24
$125.93

Opened: 7/1/2018 5:53:48 PM",total_amount
cropped_receipt_86.png,"Pita Pita - Lonbard
211 E Roosevelt Rd
Lombard, IL 60148
Phone:
http://eatpitapita.com/default/

Ord #78
To Go

Emp]:Mohammad H. 5/4/2017 4:10 PM

20 Mixed Meat Lunch
1 Reg 12pe Falafel

1 Reg 12pc Falafel
1 Miscelanceous

Subtotal

Tax

Total

Visa 8414 Payment

Tip",date
cropped_receipt_87.png,"Calagero’ s

Calogero’ s
919 Franklin Ave
Garden City, NY 11530
516-2942922

Table #2
137017 Serv: Manager 2

Trans #:
4/20/2018 8:

Quan Descript

1 Shrimp Scampi
2 Chicken Milanese
1 Veal Milanese
3 Grey Goose
1 Pineapple Juice
1 Belvedere
1 Becks Non Alcoholic
1 Corona
1 Comp Item
Net Total: $145.00
Tax $12.51

TOTAL: $157. 51
Amount Due: $157.51

FOLLOW US ON
FACEBOOK AND INSTAGRAM",total_amount
cropped_receipt_89.png,"— ae
AH Burger
MOO! Bags iy 1

Net Total: $11.97
Net Ta $1.05

TOTAL: $13.03

Get FREE Smal] French Fries!
Take our 1-minute survey
Within 72 hours
MOOYAH, com/survey",total_amount
cropped_receipt_9.png,"Dona Mercedes Restaurant
1030 1/2 San Fernando Rd
San Fernando CA 91341

Vero
CENTERL

1 CHicharon $2.25
3 Pupusa Queso $6.75
1 Platanos Orden $7.75
1 Diet coke $1.50
2 Quesadilla salvadorena $4.00

SUBTOTAL: $22.25
TAX: $2.22

TOTAL: $24.47

TIP SUGGESTIONS
18%: $4.40
20%: $4.89
25%: $6.12

Thank You!",total_amount
cropped_receipt_90.png,"#90024

Reprint #: 1

Order Type
Area: Dining
Makers Mark (2 @11.50) 23.00
As Old Fashioned
Side Caesar 6.00
Chicken & Rib Combo 29.00
Woodford Reserve (2 @12. 00) 24.00
On the Rocks
Frisee Salad 10. 00
Poached Shrimp Cocktail 17.50
NY Stip 80z 28.00
Complete Subtotal 137.50
Subtotal 137.50
Total Tax 5.43
Total 142.93
Balance Due 142-93

THANK YOU
Visit us Online at
www FirepointGrill.com",total_amount
cropped_receipt_91.png,"EVE GUYS

Latte Het #.19
ttn $9.0
Pickles $0.00
Tomatoes $0.00
brilled On so.00
Grilled Mushroons $0.00
Mustard $0.00
Ketch f00
Jalapeno Pepper 0.
a 08) $11.58
1 Large Sade 28
1 Cheeseburger $7.6

Plokles
B80 Sauce
1 Regular Soda)

Sub Total

Seles Tax
Order Total

MasterCard
Cardd: sexsesexs412031
‘Authorization: 728762

> Order Closed <—

sereasreaeeeerssiessesseeseies
Don't throw away your receipt!!!

Net (Joe Bien you could wit
Vaguys.con/Survey
vend fill out @ brief survey!

10 lucky people will win a
Flva Guys Gift Card each nonth

t ww. Fiveguys.con/survey
les and hon to enter
ng @ purchase or

“completing & survey.
Yold whars prohibited,

SHEE eee nieioL",total_amount
cropped_receipt_92.png,"ciry TAS TE
930 WAYNE AVE. #100
SILVER SPRING, MD 20910
TEL:301-585-1111
Dine In
Date: 05-11-2018 Time: 8:03PM

Server: BOSS

TAB#: A06

No. of Guest : 2

1 Philadelphia ioe

1 13. Shrimp Tempura Roll
[Roll]

1 Rich / Famous Roll

1 16. Spicy Salmon Roll
[Roll

1 Veg / Tofu Pad Thai
Spicy
Amount :
TAX(6%) :
& TO TAL: :
THANK YOU VERY MUC. HL.",items
cropped_receipt_93.png,"Dine_In
AS

Sushi Dinner
w.Miso Soup

Lady Gaga
Ginger Ale

Fried Cheese Cake

Subtotal: 39.85
Tax 3.45

Total: 43.30

Recommended Tips:
15%=$5.98
18%=$7.17
20%=$7.97

Thank You",total_amount
cropped_receipt_94.png,"RUPEES
17538

201-885-2085
CARRY-OUT, SUN JUN 24 20:49:53 2018
#150 Server #: 8325

1 #5 5 WING COMBO B).Gis
> SPICY

REG CAJ FRIES

COKE
1 #6 3 TENDER ML

REG MACHEESE",items
cropped_receipt_95.png,"Pokeatery cv

18917 Lake Chabot
Road

Castro Valley, CA
94546

December 29, 2018

2:01PM
Ramelle

Receipt: 3zcw

Autho,

riZation: 06007)

CHASE VISA
AID A0 09 00.00 03 10 10
Poke Box

$13.50
Regular, Avocado ($1.00)

Subtotal

$13.50
Castro Valley Sales Tax
Tip

$1.25

$1.48
aoe

$16.23
Visa 0642 (Chip) $16.23",total_amount
cropped_receipt_96.png,"Golden Coin
94-450 Ukee St
Waipahu, HI 96797
(808) 848-0802

Server: Charito
Order #: 6879

| >> SETTLED «
1 Plt Lunch 2 Choices

BBQ
PINAPATTAN

ar Subtotal:
iod Subtotal:

Station: 1

Take Gut

073

0.00
9.79
0.46",total_amount
cropped_receipt_97.png,"223 N. Citrus Ave
Covina, CA 91723
(626) 339-9496
Check : 208774
Table :BAR9
Server :Ryan
09/25/18 08:44pm

ae

[Seat 1] ——

? Bohemia $16.00
Tall

1 Albondigas $9.95

1 Mole $16.95

‘ ecinsiueieomaae
Subtotal : $42 90

Tax:: ; $4.08
Sub w/Tax: $46 .98

Total: $46 .98

seeing you again.""",total_amount
cropped_receipt_98.png,"Drive Thru
1 Burrito Cmb
Chk Ranchero Bur
ADD

Avo Slcs
Ind Chips
SM_DRINK
Coke
2 Bur-BRC @ 1,89
Cash

Food
Tax
Payment

Change Due
257 Check Closed

Jun28' 17 05:38PM",items
cropped_receipt_99.png,"ye tuscan aril
Nick Syineola Blvd
Mineola NY 11501
516-747. 2545 sf
www .nickstuscangr i] 1 He $20
Minimum Credit/Debit Paymen

907 Victor V

Wtcet2

FUSSILLI SP
1 Open Food 22.00
1 Ossobuco 28.00
1 Diet Coke

2.50
1 G 14 Hands Cab 10.00

Subtotal 62.50
Tax 5.39
Total 67.89

Minimum Credit/Debit Payment $20
Thank you for joining u

S TOMaV
ay

oO LOU",total_amount
